Element ID,Warnings
2112673,"Thickness of this Roof may be slightly inaccurate due to extreme Shape Editing. Dimensions to this element in sections and details may not accurately indicate the Thickness shown in Type Properties."
697710,"A wall and a space separation line overlap. One of them may be ignored when Revit finds space boundaries. Shorten or delete the space separation line to remove the overlap."
2493596,"A wall and a space separation line overlap. One of them may be ignored when Revit finds space boundaries. Shorten or delete the space separation line to remove the overlap."
697965,"Highlighted walls overlap. One of them may be ignored when Revit finds room boundaries. Use Cut Geometry to embed one wall within the other."
1263784,"Highlighted walls overlap. One of them may be ignored when Revit finds room boundaries. Use Cut Geometry to embed one wall within the other."
735382,"Highlighted walls overlap. One of them may be ignored when Revit finds room boundaries. Use Cut Geometry to embed one wall within the other."
752956,"Highlighted walls overlap. One of them may be ignored when Revit finds room boundaries. Use Cut Geometry to embed one wall within the other."
750840,"Highlighted walls overlap. One of them may be ignored when Revit finds room boundaries. Use Cut Geometry to embed one wall within the other."
2084784,"Highlighted walls overlap. One of them may be ignored when Revit finds room boundaries. Use Cut Geometry to embed one wall within the other."
841004,"Highlighted walls overlap. One of them may be ignored when Revit finds room boundaries. Use Cut Geometry to embed one wall within the other."
2083938,"Highlighted walls overlap. One of them may be ignored when Revit finds room boundaries. Use Cut Geometry to embed one wall within the other."
1235756,"Highlighted floors overlap."
2308573,"Highlighted floors overlap."
1257762,"Highlighted walls overlap. One of them may be ignored when Revit finds room boundaries. Use Cut Geometry to embed one wall within the other."
2144285,"Highlighted walls overlap. One of them may be ignored when Revit finds room boundaries. Use Cut Geometry to embed one wall within the other."
1257762,"Highlighted walls overlap. One of them may be ignored when Revit finds room boundaries. Use Cut Geometry to embed one wall within the other."
2144398,"Highlighted walls overlap. One of them may be ignored when Revit finds room boundaries. Use Cut Geometry to embed one wall within the other."
1300879,"Highlighted walls overlap. One of them may be ignored when Revit finds room boundaries. Use Cut Geometry to embed one wall within the other."
2085063,"Highlighted walls overlap. One of them may be ignored when Revit finds room boundaries. Use Cut Geometry to embed one wall within the other."
1434726,"Highlighted walls overlap. One of them may be ignored when Revit finds room boundaries. Use Cut Geometry to embed one wall within the other."
1463444,"Highlighted walls overlap. One of them may be ignored when Revit finds room boundaries. Use Cut Geometry to embed one wall within the other."
1631819,"There are identical instances in the same place. This will result in double counting in schedules."
2465819,"There are identical instances in the same place. This will result in double counting in schedules."
1631827,"There are identical instances in the same place. This will result in double counting in schedules."
2465995,"There are identical instances in the same place. This will result in double counting in schedules."
1631828,"There are identical instances in the same place. This will result in double counting in schedules."
2465996,"There are identical instances in the same place. This will result in double counting in schedules."
1631894,"There are identical instances in the same place. This will result in double counting in schedules."
2465997,"There are identical instances in the same place. This will result in double counting in schedules."
1641593,"Highlighted lines overlap. Lines may not form closed loops."
1641601,"Highlighted lines overlap. Lines may not form closed loops."
1641609,"Highlighted lines overlap. Lines may not form closed loops."
1694216,"There are identical instances in the same place. This will result in double counting in schedules."
2465820,"There are identical instances in the same place. This will result in double counting in schedules."
2440344,"There are identical instances in the same place. This will result in double counting in schedules."
2466617,"There are identical instances in the same place. This will result in double counting in schedules."
2440345,"There are identical instances in the same place. This will result in double counting in schedules."
2465821,"There are identical instances in the same place. This will result in double counting in schedules."
752956,"Highlighted elements are joined but do not intersect."
1419246,"Highlighted elements are joined but do not intersect."
752956,"Highlighted elements are joined but do not intersect."
1477752,"Highlighted elements are joined but do not intersect."
888260,"Highlighted elements are joined but do not intersect."
1477670,"Highlighted elements are joined but do not intersect."
2095486,"Could not create Wall Sweep. Two wall sweeps are overlapping."
2293740,"Could not create Wall Sweep. Two wall sweeps are overlapping."
2111082,"Could not create Wall Sweep. Two wall sweeps are overlapping."
2293709,"Could not create Wall Sweep. Two wall sweeps are overlapping."
2111082,"Could not create Wall Sweep. Two wall sweeps are overlapping."
2293709,"Could not create Wall Sweep. Two wall sweeps are overlapping."
2095486,"Could not create Wall Sweep. Two wall sweeps are overlapping."
2293740,"Could not create Wall Sweep. Two wall sweeps are overlapping."
1446617,"Some panels in this curtain system are slightly malformed.  The problem is most likely ignorable. This problem usually occurs when a panel or parts of a panel have been divided so that they are very narrow.  To better see the malformed panels, temporarily hide the mullion category and set display of lines to "thin lines" (using the command on the view menu)."
1514356,"Some panels in this curtain system are slightly malformed.  The problem is most likely ignorable. This problem usually occurs when a panel or parts of a panel have been divided so that they are very narrow.  To better see the malformed panels, temporarily hide the mullion category and set display of lines to "thin lines" (using the command on the view menu)."
1208968,"Ref Plane is slightly off axis and may cause inaccuracies."
1208985,"Ref Plane is slightly off axis and may cause inaccuracies."
1211595,"Ref Plane is slightly off axis and may cause inaccuracies."
1211607,"Ref Plane is slightly off axis and may cause inaccuracies."
830936,"Parking Garage P01 is not upper bounded by a roof, ceiling or floor element. This can result in incorrect adjacencies and voids in the analytical model. Please ensure that Upper Limit and Limit Offset for Parking Garage P01 is set correctly."
830946,"Utility P05 is not upper bounded by a roof, ceiling or floor element. This can result in incorrect adjacencies and voids in the analytical model. Please ensure that Upper Limit and Limit Offset for Utility P05 is set correctly."
830956,"Machine RM P02 is not upper bounded by a roof, ceiling or floor element. This can result in incorrect adjacencies and voids in the analytical model. Please ensure that Upper Limit and Limit Offset for Machine RM P02 is set correctly."
830963,"Machine RM P03 is not upper bounded by a roof, ceiling or floor element. This can result in incorrect adjacencies and voids in the analytical model. Please ensure that Upper Limit and Limit Offset for Machine RM P03 is set correctly."
830966,"Storage P04 is not upper bounded by a roof, ceiling or floor element. This can result in incorrect adjacencies and voids in the analytical model. Please ensure that Upper Limit and Limit Offset for Storage P04 is set correctly."
2181757,"Green Roof R100 is not upper bounded by a roof, ceiling or floor element. This can result in incorrect adjacencies and voids in the analytical model. Please ensure that Upper Limit and Limit Offset for Green Roof R100 is set correctly."
2181762,"Bandstand R101 is not upper bounded by a roof, ceiling or floor element. This can result in incorrect adjacencies and voids in the analytical model. Please ensure that Upper Limit and Limit Offset for Bandstand R101 is set correctly."
2181766,"Storage R103 is not upper bounded by a roof, ceiling or floor element. This can result in incorrect adjacencies and voids in the analytical model. Please ensure that Upper Limit and Limit Offset for Storage R103 is set correctly."
2494761,"Parking Garage 81 is not upper bounded by a roof, ceiling or floor element. This can result in incorrect adjacencies and voids in the analytical model. Please ensure that Upper Limit and Limit Offset for Parking Garage 81 is set correctly."
2494773,"Machine RM 82 is not upper bounded by a roof, ceiling or floor element. This can result in incorrect adjacencies and voids in the analytical model. Please ensure that Upper Limit and Limit Offset for Machine RM 82 is set correctly."
2494783,"Machine RM 84 is not upper bounded by a roof, ceiling or floor element. This can result in incorrect adjacencies and voids in the analytical model. Please ensure that Upper Limit and Limit Offset for Machine RM 84 is set correctly."
2494785,"Storage 85 is not upper bounded by a roof, ceiling or floor element. This can result in incorrect adjacencies and voids in the analytical model. Please ensure that Upper Limit and Limit Offset for Storage 85 is set correctly."
2494789,"Utility 86 is not upper bounded by a roof, ceiling or floor element. This can result in incorrect adjacencies and voids in the analytical model. Please ensure that Upper Limit and Limit Offset for Utility 86 is set correctly."
2494820,"Storage 87 is not upper bounded by a roof, ceiling or floor element. This can result in incorrect adjacencies and voids in the analytical model. Please ensure that Upper Limit and Limit Offset for Storage 87 is set correctly."
832580,"Stair top end exceeds or cannot reach the top elevation of the stair. Add/remove risers at the top end by control or change the stair run's "Relative Top Height" parameter in the properties palette."
2060002,"Stair top end exceeds or cannot reach the top elevation of the stair. Add/remove risers at the top end by control or change the stair run's "Relative Top Height" parameter in the properties palette."
2120094,"Stair top end exceeds or cannot reach the top elevation of the stair. Add/remove risers at the top end by control or change the stair run's "Relative Top Height" parameter in the properties palette."
